# Least: 10,# Least: 20,# Least: 30,# Least: 40,# Least: 50
0.004197832954992904,0.0032016999618454363,0.0028164001347149355,0.0024276057019196923,0.0022398807109449753
0.004806090103768753,0.0037648692888197503,0.0032323009812211616,0.002992658305216356,0.0027377787118306627
0.004204170926174231,0.0033847166501032888,0.002983639424971878,0.0026948444602636437,0.0025171755583315
